{
  "productName": "port-killer",
  "version": "0.2.0",
  "identifier": "com.portkiller.app",
  "build": {
    "beforeDevCommand": "npm run dev",
    "beforeBuildCommand": "npm run build",
    "frontendDist": "../dist",
    "devUrl": "http://localhost:1420"
  },
  "app": {
    "windows": [
      {
        "label": "main",
        "title": "Port Killer",
        "width": 1000,
        "height": 700,
        "resizable": true,
        "maximizable": true,
        "minimizable": true,
        "closable": true,
        "fullscreen": false,
        "decorations": false,
        "transparent": false
      }
    ],
    "security": {
      "csp": null,
      "capabilities": ["main-capability"]
    }
  },
  "bundle": {
    "active": true,
    "targets": "all",
    "icon": [
      "icons/32x32.png",
      "icons/128x128.png",
      "icons/128x128@2x.png",
      "icons/icon.icns",
      "icons/icon.ico"
    ]
  },
  "plugins": {}
}
